{
  "vendor": 0,
  "segments": [
    [
      44.821156,
      4.4992537
    ],
    [
      44.822803,
      4.4969635
    ],
    [
      44.825832,
      4.497734
    ],
    [
      44.817905,
      4.48996
    ],
    [
      44.81626,
      4.488204
    ],
    [
      44.817627,
      4.4894047
    ],
    [
      44.81799,
      4.4952474
    ],
    [
      44.823906,
      4.495422
    ],
    [
      44.81555,
      4.4881263
    ],
    [
      44.822712,
      4.4980397
    ],
    [
      44.816162,
      4.4882493
    ],
    [
      44.81842,
      4.4916887
    ],
    [
      44.824104,
      4.4929495
    ],
    [
      44.822453,
      4.498748
    ],
    [
      44.81815,
      4.495637
    ],
    [
      44.819027,
      4.4979706
    ],
    [
      44.815342,
      4.488285
    ],
    [
      44.822536,
      4.4947066
    ],
    [
      44.81545,
      4.4882126
    ],
    [
      44.817814,
      4.494537
    ],
    [
      44.82067,
      4.4988585
    ],
    [
      44.81579,
      4.4881024
    ],
    [
      44.818485,
      4.4924035
    ],
    [
      44.823574,
      4.495381
    ],
    [
      44.822464,
      4.496709
    ],
    [
      44.82341,
      4.4935575
    ],
    [
      44.815334,
      4.4882407
    ],
    [
      44.817936,
      4.490044
    ],
    [
      44.8227,
      4.4975715
    ],
    [
      44.825848,
      4.4976854
    ],
    [
      44.81783,
      4.4939423
    ],
    [
      44.81535,
      4.488237
    ],
    [
      44.81593,
      4.4882174
    ],
    [
      44.818985,
      4.497991
    ],
    [
      44.818348,
      4.493024
    ],
    [
      44.822754,
      4.495397
    ],
    [
      44.823605,
      4.4945536
    ],
    [
      44.82211,
      4.4992676
    ],
    [
      44.822777,
      4.4982376
    ],
    [
      44.817257,
      4.4888926
    ],
    [
      44.825108,
      4.4951715
    ],
    [
      44.823532,
      4.495824
    ],
    [
      44.825993,
      4.498771
    ],
    [
      44.82244,
      4.496978
    ],
    [
      44.825848,
      4.496329
    ],
    [
      44.8262,
      4.499098
    ],
    [
      44.821472,
      4.499325
    ],
    [
      44.82561,
      4.49599
    ],
    [
      44.81649,
      4.4883337
    ],
    [
      44.82602,
      4.498763
    ],
    [
      44.825874,
      4.4970474
    ],
    [
      44.818188,
      4.493661
    ],
    [
      44.82323,
      4.4969993
    ],
    [
      44.81682,
      4.488422
    ],
    [
      44.81861,
      4.496532
    ],
    [
      44.818714,
      4.4973073
    ],
    [
      44.815327,
      4.4882464
    ],
    [
      44.825214,
      4.495235
    ],
    [
      44.825104,
      4.495166
    ],
    [
      44.818558,
      4.4964104
    ],
    [
      44.823853,
      4.4955482
    ],
    [
      44.818142,
      4.490691
    ],
    [
      44.825108,
      4.4951706
    ],
    [
      44.822975,
      4.494357
    ],
    [
      44.81966,
      4.498104
    ],
    [
      44.82285,
      4.4966016
    ],
    [
      44.815308,
      4.488349
    ],
    [
      44.825165,
      4.495214
    ],
    [
      44.822514,
      4.4984765
    ],
    [
      44.81817,
      4.4937234
    ],
    [
      44.818447,
      4.49237
    ],
    [
      44.824265,
      4.496126
    ],
    [
      44.825108,
      4.495166
    ],
    [
      44.823174,
      4.4961414
    ],
    [
      44.818348,
      4.4931574
    ],
    [
      44.825108,
      4.495173
    ],
    [
      44.82033,
      4.4984336
    ],
    [
      44.82261,
      4.4943194
    ],
    [
      44.815334,
      4.488241
    ],
    [
      44.817787,
      4.49405
    ],
    [
      44.815323,
      4.488333
    ],
    [
      44.822903,
      4.497901
    ],
    [
      44.82589,
      4.4983234
    ],
    [
      44.815365,
      4.4883313
    ],
    [
      44.82087,
      4.4991846
    ],
    [
      44.825886,
      4.49698
    ],
    [
      44.822876,
      4.496005
    ],
    [
      44.82564,
      4.496132
    ],
    [
      44.82589,
      4.4984264
    ],
    [
      44.818687,
      4.4972806
    ],
    [
      44.81711,
      4.4887314
    ],
    [
      44.824284,
      4.4929714
    ],
    [
      44.826153,
      4.4990735
    ],
    [
      44.815468,
      4.4882474
    ],
    [
      44.81783,
      4.49486
    ],
    [
      44.817356,
      4.489003
    ],
    [
      44.823,
      4.496715
    ],
    [
      44.82404,
      4.4933076
    ],
    [
      44.815308,
      4.4883475
    ],
    [
      44.815586,
      4.488078
    ],
    [
      44.825542,
      4.4958186
    ],
    [
      44.82527,
      4.495938
    ],
    [
      44.82177,
      4.499196
    ],
    [
      44.82482,
      4.496061
    ],
    [
      44.823742,
      4.4932823
    ],
    [
      44.823235,
      4.494054
    ],
    [
      44.81826,
      4.491121
    ],
    [
      44.81833,
      4.491499
    ],
    [
      44.81813,
      4.4905214
    ],
    [
      44.815304,
      4.4883447
    ],
    [
      44.825848,
      4.4964542
    ],
    [
      44.823227,
      4.4983916
    ],
    [
      44.82329,
      4.498506
    ],
    [
      44.823357,
      4.497541
    ],
    [
      44.817654,
      4.4894867
    ],
    [
      44.816803,
      4.4884787
    ],
    [
      44.815372,
      4.48822
    ],
    [
      44.8223,
      4.499149
    ],
    [
      44.82619,
      4.499073
    ],
    [
      44.825336,
      4.495406
    ],
    [
      44.815304,
      4.488348
    ],
    [
      44.818283,
      4.4958534
    ],
    [
      44.822716,
      4.498389
    ],
    [
      44.825462,
      4.495604
    ],
    [
      44.82375,
      4.4938035
    ],
    [
      44.82353,
      4.4957094
    ],
    [
      44.815685,
      4.4881415
    ],
    [
      44.81956,
      4.4981036
    ],
    [
      44.82381,
      4.4959826
    ],
    [
      44.820194,
      4.4982657
    ]
  ]
}
